<?xml version="1.0" encoding="UTF-8"?>
<project-private xmlns="http://www.netbeans.org/ns/project-private/1">
    <editor-bookmarks xmlns="http://www.netbeans.org/ns/editor-bookmarks/2" lastBookmarkId="0"/>
    <open-files xmlns="http://www.netbeans.org/ns/projectui-open-files/2">
        <group>
            <file>file:/C:/Users/majosera/Documents/NetBeansProjects/ElevationTool/src/java/Servlets/LoginServlet.java</file>
            <file>file:/C:/Users/majosera/Documents/NetBeansProjects/ElevationTool/web/html/login.jsp</file>
            <file>file:/C:/Users/majosera/Documents/NetBeansProjects/ElevationTool/web/html/index.jsp</file>
            <file>file:/C:/Users/majosera/Documents/NetBeansProjects/ElevationTool/web/js/Logout.js</file>
            <file>file:/C:/Users/majosera/Documents/NetBeansProjects/ElevationTool/web/html/static/blank.jsp</file>
            <file>file:/C:/Users/majosera/Documents/NetBeansProjects/ElevationTool/src/java/Servlets/LogoutServlet.java</file>
        </group>
    </open-files>
</project-private>
