<?xml version="1.0" encoding="utf-8"?>
<!DOCTYPE urlrewrite PUBLIC "-//tuckey.org//DTD UrlRewrite 4.0//EN"
        "http://www.tuckey.org/res/dtds/urlrewrite4.0.dtd">

<urlrewrite>
    <rule>
        <from>^/$</from>
        <to>/html/login.jsp</to>
    </rule>
    <rule>
        <from>^/(home)$</from>
        <to>/html/index.jsp</to>
    </rule>
    <rule>
        <from>^/(AdmHPI)$</from>
        <to>/html/AdmHPI.jsp</to>
    </rule>
    <rule>
        <from>^/(AdmHPE)$</from>
        <to>/html/AdmHPE.jsp</to>
    </rule>
    <rule>
        <from>^/(AdmDXC)$</from>
        <to>/html/AdmDXC.jsp</to>
    </rule>
    <rule>
        <from>^/(AdmMF)$</from>
        <to>/html/AdmMF.jsp</to>
    </rule>
    <rule>
        <from>^/(AdminAllEngineers)$</from>
        <to>/html/AdminAllEngineers.jsp</to>
    </rule>
    
</urlrewrite>